variant,base_variant,split_id,deploy_context_mode,use_z_gru_state,epoch,train_loss,train_bce,val_loss,val_bce,validation_performed,lr,residual_scale,context_dim,batch_size,aux_count_weight,aux_psth_weight,aux_temporal_kl_weight,aux_spatial_kl_weight,aux_early_temporal_kl_weight,aux_first_time_weight,early_time_window,val_temporal_kl_loss,val_spatial_kl_loss,val_early_temporal_kl_loss,val_first_time_loss,val_joint_kl_loss,val_focal_loss,val_ranking_loss,dropout,weight_decay,use_pattern_embedding,use_bit_features,current_bit_feature_mode,current_bit_encoder,use_prev_pattern_context,use_prev_pattern_bit_context,z_history_len,z_gru_hidden_dim,z_gru_layers,z_history_pattern_mode,use_frequency_features,use_rbf_features,use_frequency_film,freq_rbf_dim,experiment_group,history_strategy,freq_strategy
task2_hybrid_spike_localization,task2_hybrid_spike_localization,random,z_window_summary,True,1,0.03769811477318401,0.03769011902443443,0.03678293771598609,0.03677599821427856,True,0.0008,0.21455292403697968,28,1024,0.03,0.03,0.0,0.0,0.0,0.0,"[0, 20]",0.2732416600423764,0.17272717054310338,0.16731510944706288,0.027122133963152883,0.0,0.0,0.0,0.12,0.0001,False,True,single,linear,True,False,24,64,2,embedding,True,True,False,16,hybrid_localization,H24_D64_embedding_layers2_best_c4,direct_rbf16_plus_full_z_window_context
task2_hybrid_spike_localization,task2_hybrid_spike_localization,random,z_window_summary,True,2,0.03652959614378925,0.03652304245393864,0.03597261946560558,0.03596644817561948,True,0.0008,0.22451433539390564,28,1024,0.03,0.03,0.0,0.0,0.0,0.0,"[0, 20]",0.2573724490825576,0.16896564621984222,0.1673057663922358,0.027210279784921042,0.0,0.0,0.0,0.12,0.0001,False,True,single,linear,True,False,24,64,2,embedding,True,True,False,16,hybrid_localization,H24_D64_embedding_layers2_best_c4,direct_rbf16_plus_full_z_window_context
task2_hybrid_spike_localization,task2_hybrid_spike_localization,random,z_window_summary,True,3,0.03609693166477556,0.03609077086441534,,,False,0.0008,0.22730891406536102,28,1024,0.03,0.03,0.0,0.0,0.0,0.0,"[0, 20]",,,,,,,,0.12,0.0001,False,True,single,linear,True,False,24,64,2,embedding,True,True,False,16,hybrid_localization,H24_D64_embedding_layers2_best_c4,direct_rbf16_plus_full_z_window_context
task2_hybrid_spike_localization,task2_hybrid_spike_localization,random,z_window_summary,True,4,0.035932389034667,0.03592635330650363,0.035658563959478126,0.03565261939542596,True,0.0008,0.22934843599796295,28,1024,0.03,0.03,0.0,0.0,0.0,0.0,"[0, 20]",0.25404145525628336,0.16363199568624315,0.16593389221112737,0.02806538071537727,0.0,0.0,0.0,0.12,0.0001,False,True,single,linear,True,False,24,64,2,embedding,True,True,False,16,hybrid_localization,H24_D64_embedding_layers2_best_c4,direct_rbf16_plus_full_z_window_context
task2_hybrid_spike_localization,task2_hybrid_spike_localization,random,z_window_summary,True,5,0.035823990113606756,0.03581799758738273,,,False,0.0008,0.23195303976535797,28,1024,0.03,0.03,0.0,0.0,0.0,0.0,"[0, 20]",,,,,,,,0.12,0.0001,False,True,single,linear,True,False,24,64,2,embedding,True,True,False,16,hybrid_localization,H24_D64_embedding_layers2_best_c4,direct_rbf16_plus_full_z_window_context
task2_hybrid_spike_localization,task2_hybrid_spike_localization,random,z_window_summary,True,6,0.03567471731881992,0.03566877498353103,0.03536092514207735,0.03535504579276482,True,0.0008,0.2356356680393219,28,1024,0.03,0.03,0.0,0.0,0.0,0.0,"[0, 20]",0.2527687462291332,0.15635038423284,0.16550904922145518,0.026735536816010437,0.0,0.0,0.0,0.12,0.0001,False,True,single,linear,True,False,24,64,2,embedding,True,True,False,16,hybrid_localization,H24_D64_embedding_layers2_best_c4,direct_rbf16_plus_full_z_window_context
task2_hybrid_spike_localization,task2_hybrid_spike_localization,random,z_window_summary,True,7,0.035520803861757634,0.03551489622755484,,,False,0.0008,0.23910383880138397,28,1024,0.03,0.03,0.0,0.0,0.0,0.0,"[0, 20]",,,,,,,,0.12,0.0001,False,True,single,linear,True,False,24,64,2,embedding,True,True,False,16,hybrid_localization,H24_D64_embedding_layers2_best_c4,direct_rbf16_plus_full_z_window_context
task2_hybrid_spike_localization,task2_hybrid_spike_localization,random,z_window_summary,True,8,0.0354154518552144,0.0354095849043035,0.03515766276721869,0.0351518272651165,True,0.0008,0.24212491512298584,28,1024,0.03,0.03,0.0,0.0,0.0,0.0,"[0, 20]",0.25280834671891766,0.15154126323299644,0.1654459243805454,0.02751572131232581,0.0,0.0,0.0,0.12,0.0001,False,True,single,linear,True,False,24,64,2,embedding,True,True,False,16,hybrid_localization,H24_D64_embedding_layers2_best_c4,direct_rbf16_plus_full_z_window_context
task2_hybrid_spike_localization,task2_hybrid_spike_localization,random,z_window_summary,True,9,0.03533414719264649,0.03532830783787221,,,False,0.0008,0.2448279708623886,28,1024,0.03,0.03,0.0,0.0,0.0,0.0,"[0, 20]",,,,,,,,0.12,0.0001,False,True,single,linear,True,False,24,64,2,embedding,True,True,False,16,hybrid_localization,H24_D64_embedding_layers2_best_c4,direct_rbf16_plus_full_z_window_context
task2_hybrid_spike_localization,task2_hybrid_spike_localization,random,z_window_summary,True,10,0.035276019290017134,0.03527019520098914,0.03516712897320254,0.035161214851169076,True,0.0008,0.2471882849931717,28,1024,0.03,0.03,0.0,0.0,0.0,0.0,"[0, 20]",0.2526732189821207,0.14946683282670215,0.1648788256309383,0.02833824579120017,0.0,0.0,0.0,0.12,0.0001,False,True,single,linear,True,False,24,64,2,embedding,True,True,False,16,hybrid_localization,H24_D64_embedding_layers2_best_c4,direct_rbf16_plus_full_z_window_context
task2_hybrid_spike_localization,task2_hybrid_spike_localization,random,z_window_summary,True,11,0.03520704443663013,0.03520125700150408,,,False,0.0008,0.2496086061000824,28,1024,0.03,0.03,0.0,0.0,0.0,0.0,"[0, 20]",,,,,,,,0.12,0.0001,False,True,single,linear,True,False,24,64,2,embedding,True,True,False,16,hybrid_localization,H24_D64_embedding_layers2_best_c4,direct_rbf16_plus_full_z_window_context
task2_hybrid_spike_localization,task2_hybrid_spike_localization,random,z_window_summary,True,12,0.03516664332245068,0.03516085506895933,0.03498405833570778,0.0349782465976965,True,0.0008,0.25119540095329285,28,1024,0.03,0.03,0.0,0.0,0.0,0.0,"[0, 20]",0.2521233937355003,0.14764040462028832,0.16512529281052676,0.026670170844220017,0.0,0.0,0.0,0.12,0.0001,False,True,single,linear,True,False,24,64,2,embedding,True,True,False,16,hybrid_localization,H24_D64_embedding_layers2_best_c4,direct_rbf16_plus_full_z_window_context
task2_hybrid_spike_localization,task2_hybrid_spike_localization,random,z_window_summary,True,13,0.03509208461234198,0.035086346214189094,,,False,0.0008,0.2538025677204132,28,1024,0.03,0.03,0.0,0.0,0.0,0.0,"[0, 20]",,,,,,,,0.12,0.0001,False,True,single,linear,True,False,24,64,2,embedding,True,True,False,16,hybrid_localization,H24_D64_embedding_layers2_best_c4,direct_rbf16_plus_full_z_window_context
task2_hybrid_spike_localization,task2_hybrid_spike_localization,random,z_window_summary,True,14,0.035058080995635864,0.03505235284906936,0.034935633552194846,0.03492980992001315,True,0.0008,0.25541114807128906,28,1024,0.03,0.03,0.0,0.0,0.0,0.0,"[0, 20]",0.25293590375603786,0.14652509749537768,0.1652134684300182,0.027707696267467424,0.0,0.0,0.0,0.12,0.0001,False,True,single,linear,True,False,24,64,2,embedding,True,True,False,16,hybrid_localization,H24_D64_embedding_layers2_best_c4,direct_rbf16_plus_full_z_window_context
task2_hybrid_spike_localization,task2_hybrid_spike_localization,random,z_window_summary,True,15,0.035028939757438975,0.035023230634242286,,,False,0.0008,0.25688090920448303,28,1024,0.03,0.03,0.0,0.0,0.0,0.0,"[0, 20]",,,,,,,,0.12,0.0001,False,True,single,linear,True,False,24,64,2,embedding,True,True,False,16,hybrid_localization,H24_D64_embedding_layers2_best_c4,direct_rbf16_plus_full_z_window_context
task2_hybrid_spike_localization,task2_hybrid_spike_localization,random,z_window_summary,True,16,0.03499144614133057,0.034985756824190944,0.0348826566972382,0.034876884485769484,True,0.0008,0.25856176018714905,28,1024,0.03,0.03,0.0,0.0,0.0,0.0,"[0, 20]",0.25246746974895834,0.14613660657914265,0.1647194870928455,0.027855663383682703,0.0,0.0,0.0,0.12,0.0001,False,True,single,linear,True,False,24,64,2,embedding,True,True,False,16,hybrid_localization,H24_D64_embedding_layers2_best_c4,direct_rbf16_plus_full_z_window_context
task2_hybrid_spike_localization,task2_hybrid_spike_localization,random,z_window_summary,True,17,0.034953881262774066,0.03494821547726054,,,False,0.0008,0.26048827171325684,28,1024,0.03,0.03,0.0,0.0,0.0,0.0,"[0, 20]",,,,,,,,0.12,0.0001,False,True,single,linear,True,False,24,64,2,embedding,True,True,False,16,hybrid_localization,H24_D64_embedding_layers2_best_c4,direct_rbf16_plus_full_z_window_context
task2_hybrid_spike_localization,task2_hybrid_spike_localization,random,z_window_summary,True,18,0.034912409555631053,0.034906772223642336,0.03481993589688231,0.03481420479656336,True,0.0008,0.26205793023109436,28,1024,0.03,0.03,0.0,0.0,0.0,0.0,"[0, 20]",0.25242494893930306,0.14481189083370696,0.16502172098015294,0.02759833588828275,0.0,0.0,0.0,0.12,0.0001,False,True,single,linear,True,False,24,64,2,embedding,True,True,False,16,hybrid_localization,H24_D64_embedding_layers2_best_c4,direct_rbf16_plus_full_z_window_context
task2_hybrid_spike_localization,task2_hybrid_spike_localization,random,z_window_summary,True,19,0.03487292833813022,0.034867323380628416,,,False,0.0008,0.2640596032142639,28,1024,0.03,0.03,0.0,0.0,0.0,0.0,"[0, 20]",,,,,,,,0.12,0.0001,False,True,single,linear,True,False,24,64,2,embedding,True,True,False,16,hybrid_localization,H24_D64_embedding_layers2_best_c4,direct_rbf16_plus_full_z_window_context
task2_hybrid_spike_localization,task2_hybrid_spike_localization,random,z_window_summary,True,20,0.03485737579327329,0.03485177563697802,0.03483846596495471,0.0348326628490463,True,0.0008,0.26554930210113525,28,1024,0.03,0.03,0.0,0.0,0.0,0.0,"[0, 20]",0.25283819946777136,0.14488381211270654,0.16511928978324872,0.027966555952607716,0.0,0.0,0.0,0.12,0.0001,False,True,single,linear,True,False,24,64,2,embedding,True,True,False,16,hybrid_localization,H24_D64_embedding_layers2_best_c4,direct_rbf16_plus_full_z_window_context
task2_hybrid_spike_localization,task2_hybrid_spike_localization,random,z_window_summary,True,21,0.03485080561458819,0.03484519946744635,,,False,0.0008,0.2664967477321625,28,1024,0.03,0.03,0.0,0.0,0.0,0.0,"[0, 20]",,,,,,,,0.12,0.0001,False,True,single,linear,True,False,24,64,2,embedding,True,True,False,16,hybrid_localization,H24_D64_embedding_layers2_best_c4,direct_rbf16_plus_full_z_window_context
task2_hybrid_spike_localization,task2_hybrid_spike_localization,random,z_window_summary,True,22,0.03478074064091534,0.03477520402890218,0.03473603378241311,0.03473035158332349,True,0.0008,0.2686837613582611,28,1024,0.03,0.03,0.0,0.0,0.0,0.0,"[0, 20]",0.251464560102801,0.14418223136335645,0.16475343117542673,0.02686099222621867,0.0,0.0,0.0,0.12,0.0001,False,True,single,linear,True,False,24,64,2,embedding,True,True,False,16,hybrid_localization,H24_D64_embedding_layers2_best_c4,direct_rbf16_plus_full_z_window_context
task2_hybrid_spike_localization,task2_hybrid_spike_localization,random,z_window_summary,True,23,0.03475534499271327,0.0347498199258946,,,False,0.0008,0.27081945538520813,28,1024,0.03,0.03,0.0,0.0,0.0,0.0,"[0, 20]",,,,,,,,0.12,0.0001,False,True,single,linear,True,False,24,64,2,embedding,True,True,False,16,hybrid_localization,H24_D64_embedding_layers2_best_c4,direct_rbf16_plus_full_z_window_context
task2_hybrid_spike_localization,task2_hybrid_spike_localization,random,z_window_summary,True,24,0.034726451393641916,0.03472094145961304,0.03476732906234251,0.03476163722767038,True,0.0008,0.2723042666912079,28,1024,0.03,0.03,0.0,0.0,0.0,0.0,"[0, 20]",0.2505543380273312,0.1435702126402111,0.1646031207073685,0.026057772794121713,0.0,0.0,0.0,0.12,0.0001,False,True,single,linear,True,False,24,64,2,embedding,True,True,False,16,hybrid_localization,H24_D64_embedding_layers2_best_c4,direct_rbf16_plus_full_z_window_context
task2_hybrid_spike_localization,task2_hybrid_spike_localization,random,z_window_summary,True,25,0.03469244111907692,0.034686954268468614,,,False,0.0008,0.2741432189941406,28,1024,0.03,0.03,0.0,0.0,0.0,0.0,"[0, 20]",,,,,,,,0.12,0.0001,False,True,single,linear,True,False,24,64,2,embedding,True,True,False,16,hybrid_localization,H24_D64_embedding_layers2_best_c4,direct_rbf16_plus_full_z_window_context
task2_hybrid_spike_localization,task2_hybrid_spike_localization,random,z_window_summary,True,26,0.03465562610229525,0.03465016824790836,0.03472320204130327,0.034717531707116916,True,0.0008,0.2760767936706543,28,1024,0.03,0.03,0.0,0.0,0.0,0.0,"[0, 20]",0.2527337943597809,0.14383187458571361,0.16475223960432273,0.02847402623648662,0.0,0.0,0.0,0.12,0.0001,False,True,single,linear,True,False,24,64,2,embedding,True,True,False,16,hybrid_localization,H24_D64_embedding_layers2_best_c4,direct_rbf16_plus_full_z_window_context
task2_hybrid_spike_localization,task2_hybrid_spike_localization,random,z_window_summary,True,27,0.034641186928385616,0.03463574013224355,,,False,0.0008,0.27724963426589966,28,1024,0.03,0.03,0.0,0.0,0.0,0.0,"[0, 20]",,,,,,,,0.12,0.0001,False,True,single,linear,True,False,24,64,2,embedding,True,True,False,16,hybrid_localization,H24_D64_embedding_layers2_best_c4,direct_rbf16_plus_full_z_window_context
task2_hybrid_spike_localization,task2_hybrid_spike_localization,random,z_window_summary,True,28,0.03463150927433908,0.0346260482241186,0.03465148750128168,0.034645877750935375,True,0.0008,0.27849647402763367,28,1024,0.03,0.03,0.0,0.0,0.0,0.0,"[0, 20]",0.2524200346266514,0.14317492568399234,0.164866670936045,0.02847342993959567,0.0,0.0,0.0,0.12,0.0001,False,True,single,linear,True,False,24,64,2,embedding,True,True,False,16,hybrid_localization,H24_D64_embedding_layers2_best_c4,direct_rbf16_plus_full_z_window_context
task2_hybrid_spike_localization,task2_hybrid_spike_localization,random,z_window_summary,True,29,0.03456799301886398,0.034562586914375845,,,False,0.0008,0.28008317947387695,28,1024,0.03,0.03,0.0,0.0,0.0,0.0,"[0, 20]",,,,,,,,0.12,0.0001,False,True,single,linear,True,False,24,64,2,embedding,True,True,False,16,hybrid_localization,H24_D64_embedding_layers2_best_c4,direct_rbf16_plus_full_z_window_context
task2_hybrid_spike_localization,task2_hybrid_spike_localization,random,z_window_summary,True,30,0.03454165847319099,0.03453627665765135,0.03459972183645507,0.03459412848825674,True,0.0008,0.2814985513687134,28,1024,0.03,0.03,0.0,0.0,0.0,0.0,"[0, 20]",0.25201946667549185,0.1429969300525357,0.16466117370810973,0.028176446888265518,0.0,0.0,0.0,0.12,0.0001,False,True,single,linear,True,False,24,64,2,embedding,True,True,False,16,hybrid_localization,H24_D64_embedding_layers2_best_c4,direct_rbf16_plus_full_z_window_context
task2_hybrid_spike_localization,task2_hybrid_spike_localization,random,z_window_summary,True,31,0.03451281586362992,0.034507450155615585,,,False,0.0008,0.28307273983955383,28,1024,0.03,0.03,0.0,0.0,0.0,0.0,"[0, 20]",,,,,,,,0.12,0.0001,False,True,single,linear,True,False,24,64,2,embedding,True,True,False,16,hybrid_localization,H24_D64_embedding_layers2_best_c4,direct_rbf16_plus_full_z_window_context
task2_hybrid_spike_localization,task2_hybrid_spike_localization,random,z_window_summary,True,32,0.03445749982377585,0.03445217804046013,0.03462270142805295,0.03461704976463693,True,0.0008,0.28501224517822266,28,1024,0.03,0.03,0.0,0.0,0.0,0.0,"[0, 20]",0.2530758927767526,0.14318598625903445,0.16484657707974298,0.028396147805632967,0.0,0.0,0.0,0.12,0.0001,False,True,single,linear,True,False,24,64,2,embedding,True,True,False,16,hybrid_localization,H24_D64_embedding_layers2_best_c4,direct_rbf16_plus_full_z_window_context
task2_hybrid_spike_localization,task2_hybrid_spike_localization,random,z_window_summary,True,33,0.03445516679194863,0.034449838129737335,,,False,0.0008,0.2862933576107025,28,1024,0.03,0.03,0.0,0.0,0.0,0.0,"[0, 20]",,,,,,,,0.12,0.0001,False,True,single,linear,True,False,24,64,2,embedding,True,True,False,16,hybrid_localization,H24_D64_embedding_layers2_best_c4,direct_rbf16_plus_full_z_window_context
task2_hybrid_spike_localization,task2_hybrid_spike_localization,random,z_window_summary,True,34,0.034401966877535314,0.034396679625277475,0.034565757314531355,0.03456023037684486,True,0.0008,0.2881861925125122,28,1024,0.03,0.03,0.0,0.0,0.0,0.0,"[0, 20]",0.250694900162426,0.14222712906121404,0.1645104631196235,0.027234775225990417,0.0,0.0,0.0,0.12,0.0001,False,True,single,linear,True,False,24,64,2,embedding,True,True,False,16,hybrid_localization,H24_D64_embedding_layers2_best_c4,direct_rbf16_plus_full_z_window_context
task2_hybrid_spike_localization,task2_hybrid_spike_localization,random,z_window_summary,True,35,0.0343840528108121,0.03437877031432704,,,False,0.0008,0.28958311676979065,28,1024,0.03,0.03,0.0,0.0,0.0,0.0,"[0, 20]",,,,,,,,0.12,0.0001,False,True,single,linear,True,False,24,64,2,embedding,True,True,False,16,hybrid_localization,H24_D64_embedding_layers2_best_c4,direct_rbf16_plus_full_z_window_context
task2_hybrid_spike_localization,task2_hybrid_spike_localization,random,z_window_summary,True,36,0.03436882116912324,0.0343635332540341,0.034487484234116565,0.034481988850600526,True,0.0008,0.29065099358558655,28,1024,0.03,0.03,0.0,0.0,0.0,0.0,"[0, 20]",0.2507912819835072,0.14207906105569182,0.1647684964801861,0.026847232357670964,0.0,0.0,0.0,0.12,0.0001,False,True,single,linear,True,False,24,64,2,embedding,True,True,False,16,hybrid_localization,H24_D64_embedding_layers2_best_c4,direct_rbf16_plus_full_z_window_context
task2_hybrid_spike_localization,task2_hybrid_spike_localization,random,z_window_summary,True,37,0.034325727541661646,0.034320479725357574,,,False,0.0008,0.2927321493625641,28,1024,0.03,0.03,0.0,0.0,0.0,0.0,"[0, 20]",,,,,,,,0.12,0.0001,False,True,single,linear,True,False,24,64,2,embedding,True,True,False,16,hybrid_localization,H24_D64_embedding_layers2_best_c4,direct_rbf16_plus_full_z_window_context
task2_hybrid_spike_localization,task2_hybrid_spike_localization,random,z_window_summary,True,38,0.03428174307840931,0.03427652530999296,0.03446914881099889,0.034463638231141534,True,0.0008,0.2948940098285675,28,1024,0.03,0.03,0.0,0.0,0.0,0.0,"[0, 20]",0.2511534546962892,0.1420411813305952,0.1645612498425474,0.026681837814992792,0.0,0.0,0.0,0.12,0.0001,False,True,single,linear,True,False,24,64,2,embedding,True,True,False,16,hybrid_localization,H24_D64_embedding_layers2_best_c4,direct_rbf16_plus_full_z_window_context
task2_hybrid_spike_localization,task2_hybrid_spike_localization,random,z_window_summary,True,39,0.03427138154315137,0.03426616146653233,,,False,0.0008,0.29668015241622925,28,1024,0.03,0.03,0.0,0.0,0.0,0.0,"[0, 20]",,,,,,,,0.12,0.0001,False,True,single,linear,True,False,24,64,2,embedding,True,True,False,16,hybrid_localization,H24_D64_embedding_layers2_best_c4,direct_rbf16_plus_full_z_window_context
task2_hybrid_spike_localization,task2_hybrid_spike_localization,random,z_window_summary,True,40,0.034251598794719854,0.03424637221772708,0.034451964777694674,0.03444648892122219,True,0.0008,0.29765692353248596,28,1024,0.03,0.03,0.0,0.0,0.0,0.0,"[0, 20]",0.25124415682354895,0.14169431997402482,0.1645714248270298,0.027478048368435516,0.0,0.0,0.0,0.12,0.0001,False,True,single,linear,True,False,24,64,2,embedding,True,True,False,16,hybrid_localization,H24_D64_embedding_layers2_best_c4,direct_rbf16_plus_full_z_window_context
task2_hybrid_spike_localization,task2_hybrid_spike_localization,random,z_window_summary,True,41,0.03421717565374298,0.034211980552038716,,,False,0.0008,0.29995205998420715,28,1024,0.03,0.03,0.0,0.0,0.0,0.0,"[0, 20]",,,,,,,,0.12,0.0001,False,True,single,linear,True,False,24,64,2,embedding,True,True,False,16,hybrid_localization,H24_D64_embedding_layers2_best_c4,direct_rbf16_plus_full_z_window_context
task2_hybrid_spike_localization,task2_hybrid_spike_localization,random,z_window_summary,True,42,0.0341626451013131,0.03415747855793792,0.03442809998938933,0.034422633640560106,True,0.0008,0.30176588892936707,28,1024,0.03,0.03,0.0,0.0,0.0,0.0,"[0, 20]",0.25206405197329795,0.1417949120605032,0.16472629542503292,0.028303696446363238,0.0,0.0,0.0,0.12,0.0001,False,True,single,linear,True,False,24,64,2,embedding,True,True,False,16,hybrid_localization,H24_D64_embedding_layers2_best_c4,direct_rbf16_plus_full_z_window_context
task2_hybrid_spike_localization,task2_hybrid_spike_localization,random,z_window_summary,True,43,0.03414364240776498,0.03413848617088692,,,False,0.0008,0.3034185469150543,28,1024,0.03,0.03,0.0,0.0,0.0,0.0,"[0, 20]",,,,,,,,0.12,0.0001,False,True,single,linear,True,False,24,64,2,embedding,True,True,False,16,hybrid_localization,H24_D64_embedding_layers2_best_c4,direct_rbf16_plus_full_z_window_context
task2_hybrid_spike_localization,task2_hybrid_spike_localization,random,z_window_summary,True,44,0.034114047274511936,0.034108906379753494,0.0343674739084795,0.03436205097370677,True,0.0008,0.30524778366088867,28,1024,0.03,0.03,0.0,0.0,0.0,0.0,"[0, 20]",0.2514277911815044,0.14138982128414643,0.1644572555149177,0.028057430282770315,0.0,0.0,0.0,0.12,0.0001,False,True,single,linear,True,False,24,64,2,embedding,True,True,False,16,hybrid_localization,H24_D64_embedding_layers2_best_c4,direct_rbf16_plus_full_z_window_context
task2_hybrid_spike_localization,task2_hybrid_spike_localization,random,z_window_summary,True,45,0.03407956829153105,0.034074438989630716,,,False,0.0008,0.30725470185279846,28,1024,0.03,0.03,0.0,0.0,0.0,0.0,"[0, 20]",,,,,,,,0.12,0.0001,False,True,single,linear,True,False,24,64,2,embedding,True,True,False,16,hybrid_localization,H24_D64_embedding_layers2_best_c4,direct_rbf16_plus_full_z_window_context
task2_hybrid_spike_localization,task2_hybrid_spike_localization,random,z_window_summary,True,46,0.03405882469303502,0.03405370012572362,0.03436346706232907,0.034358049097954896,True,0.0008,0.309012770652771,28,1024,0.03,0.03,0.0,0.0,0.0,0.0,"[0, 20]",0.2517931350286293,0.14122424356798263,0.1642907885790674,0.028094751309231343,0.0,0.0,0.0,0.12,0.0001,False,True,single,linear,True,False,24,64,2,embedding,True,True,False,16,hybrid_localization,H24_D64_embedding_layers2_best_c4,direct_rbf16_plus_full_z_window_context
task2_hybrid_spike_localization,task2_hybrid_spike_localization,random,z_window_summary,True,47,0.03403499655082705,0.03402988243885715,,,False,0.0008,0.3111405074596405,28,1024,0.03,0.03,0.0,0.0,0.0,0.0,"[0, 20]",,,,,,,,0.12,0.0001,False,True,single,linear,True,False,24,64,2,embedding,True,True,False,16,hybrid_localization,H24_D64_embedding_layers2_best_c4,direct_rbf16_plus_full_z_window_context
task2_hybrid_spike_localization,task2_hybrid_spike_localization,random,z_window_summary,True,48,0.03401744099472553,0.03401232853871894,0.03437366477400901,0.03436819563978315,True,0.0008,0.3129595220088959,28,1024,0.03,0.03,0.0,0.0,0.0,0.0,"[0, 20]",0.25244608839219135,0.1418016599050141,0.1643917617807217,0.028335965631318547,0.0,0.0,0.0,0.12,0.0001,False,True,single,linear,True,False,24,64,2,embedding,True,True,False,16,hybrid_localization,H24_D64_embedding_layers2_best_c4,direct_rbf16_plus_full_z_window_context
task2_hybrid_spike_localization,task2_hybrid_spike_localization,random,z_window_summary,True,49,0.034004109130117983,0.03399899232361899,,,False,0.0008,0.31479740142822266,28,1024,0.03,0.03,0.0,0.0,0.0,0.0,"[0, 20]",,,,,,,,0.12,0.0001,False,True,single,linear,True,False,24,64,2,embedding,True,True,False,16,hybrid_localization,H24_D64_embedding_layers2_best_c4,direct_rbf16_plus_full_z_window_context
task2_hybrid_spike_localization,task2_hybrid_spike_localization,random,z_window_summary,True,50,0.03397096812563401,0.033965862543784496,0.034364250167685864,0.0343587131219614,True,0.0008,0.316627562046051,28,1024,0.03,0.03,0.0,0.0,0.0,0.0,"[0, 20]",0.2513318496855555,0.14127449713036935,0.16433784143558122,0.026800890508558346,0.0,0.0,0.0,0.12,0.0001,False,True,single,linear,True,False,24,64,2,embedding,True,True,False,16,hybrid_localization,H24_D64_embedding_layers2_best_c4,direct_rbf16_plus_full_z_window_context
task2_hybrid_spike_localization,task2_hybrid_spike_localization,random,z_window_summary,True,51,0.033939755505896486,0.033934670525334366,,,False,0.0008,0.31876668334007263,28,1024,0.03,0.03,0.0,0.0,0.0,0.0,"[0, 20]",,,,,,,,0.12,0.0001,False,True,single,linear,True,False,24,64,2,embedding,True,True,False,16,hybrid_localization,H24_D64_embedding_layers2_best_c4,direct_rbf16_plus_full_z_window_context
task2_hybrid_spike_localization,task2_hybrid_spike_localization,random,z_window_summary,True,52,0.03389679462113409,0.033891729357991375,0.03426655045596571,0.03426118691427807,True,0.0008,0.3209592401981354,28,1024,0.03,0.03,0.0,0.0,0.0,0.0,"[0, 20]",0.2524798426697685,0.1408011894903065,0.16420668212719905,0.028255247956457497,0.0,0.0,0.0,0.12,0.0001,False,True,single,linear,True,False,24,64,2,embedding,True,True,False,16,hybrid_localization,H24_D64_embedding_layers2_best_c4,direct_rbf16_plus_full_z_window_context
task2_hybrid_spike_localization,task2_hybrid_spike_localization,random,z_window_summary,True,53,0.03387701072417593,0.033871958252729616,,,False,0.0008,0.32309532165527344,28,1024,0.03,0.03,0.0,0.0,0.0,0.0,"[0, 20]",,,,,,,,0.12,0.0001,False,True,single,linear,True,False,24,64,2,embedding,True,True,False,16,hybrid_localization,H24_D64_embedding_layers2_best_c4,direct_rbf16_plus_full_z_window_context
task2_hybrid_spike_localization,task2_hybrid_spike_localization,random,z_window_summary,True,54,0.033857375368046665,0.03385231914929,0.03425096179934597,0.03424556079319564,True,0.0008,0.3251522183418274,28,1024,0.03,0.03,0.0,0.0,0.0,0.0,"[0, 20]",0.2525485913427055,0.14134092848041377,0.16424397606774746,0.02845268113670325,0.0,0.0,0.0,0.12,0.0001,False,True,single,linear,True,False,24,64,2,embedding,True,True,False,16,hybrid_localization,H24_D64_embedding_layers2_best_c4,direct_rbf16_plus_full_z_window_context
task2_hybrid_spike_localization,task2_hybrid_spike_localization,random,z_window_summary,True,55,0.03383245223675312,0.03382740575211172,,,False,0.0008,0.3274267911911011,28,1024,0.03,0.03,0.0,0.0,0.0,0.0,"[0, 20]",,,,,,,,0.12,0.0001,False,True,single,linear,True,False,24,64,2,embedding,True,True,False,16,hybrid_localization,H24_D64_embedding_layers2_best_c4,direct_rbf16_plus_full_z_window_context
task2_hybrid_spike_localization,task2_hybrid_spike_localization,random,z_window_summary,True,56,0.03379881239109078,0.033793779225093884,0.034289606791052356,0.03428420719223392,True,0.0008,0.3298244774341583,28,1024,0.03,0.03,0.0,0.0,0.0,0.0,"[0, 20]",0.25393024997411484,0.14101905208310964,0.1637656744916565,0.029880347807382628,0.0,0.0,0.0,0.12,0.0001,False,True,single,linear,True,False,24,64,2,embedding,True,True,False,16,hybrid_localization,H24_D64_embedding_layers2_best_c4,direct_rbf16_plus_full_z_window_context
task2_hybrid_spike_localization,task2_hybrid_spike_localization,random,z_window_summary,True,57,0.033796278120001466,0.03379123674777399,,,False,0.0008,0.3311160206794739,28,1024,0.03,0.03,0.0,0.0,0.0,0.0,"[0, 20]",,,,,,,,0.12,0.0001,False,True,single,linear,True,False,24,64,2,embedding,True,True,False,16,hybrid_localization,H24_D64_embedding_layers2_best_c4,direct_rbf16_plus_full_z_window_context
task2_hybrid_spike_localization,task2_hybrid_spike_localization,random,z_window_summary,True,58,0.03375501937514782,0.03374999863793464,0.03423330985870961,0.034227932828209885,True,0.0008,0.33313798904418945,28,1024,0.03,0.03,0.0,0.0,0.0,0.0,"[0, 20]",0.252338611042727,0.14030902191377784,0.164561531941096,0.02721365941468915,0.0,0.0,0.0,0.12,0.0001,False,True,single,linear,True,False,24,64,2,embedding,True,True,False,16,hybrid_localization,H24_D64_embedding_layers2_best_c4,direct_rbf16_plus_full_z_window_context
task2_hybrid_spike_localization,task2_hybrid_spike_localization,random,z_window_summary,True,59,0.03373426591780272,0.033729245343091914,,,False,0.0008,0.33569929003715515,28,1024,0.03,0.03,0.0,0.0,0.0,0.0,"[0, 20]",,,,,,,,0.12,0.0001,False,True,single,linear,True,False,24,64,2,embedding,True,True,False,16,hybrid_localization,H24_D64_embedding_layers2_best_c4,direct_rbf16_plus_full_z_window_context
task2_hybrid_spike_localization,task2_hybrid_spike_localization,random,z_window_summary,True,60,0.03370179368724459,0.03369678850231704,0.034191368719276485,0.03418601990649194,True,0.0008,0.3376522362232208,28,1024,0.03,0.03,0.0,0.0,0.0,0.0,"[0, 20]",0.2520238037128106,0.1405996887103208,0.16434494212487197,0.027294424547908952,0.0,0.0,0.0,0.12,0.0001,False,True,single,linear,True,False,24,64,2,embedding,True,True,False,16,hybrid_localization,H24_D64_embedding_layers2_best_c4,direct_rbf16_plus_full_z_window_context
task2_hybrid_spike_localization,task2_hybrid_spike_localization,random,z_window_summary,True,61,0.03368013515884494,0.033675133102994,,,False,0.0008,0.3393860459327698,28,1024,0.03,0.03,0.0,0.0,0.0,0.0,"[0, 20]",,,,,,,,0.12,0.0001,False,True,single,linear,True,False,24,64,2,embedding,True,True,False,16,hybrid_localization,H24_D64_embedding_layers2_best_c4,direct_rbf16_plus_full_z_window_context
task2_hybrid_spike_localization,task2_hybrid_spike_localization,random,z_window_summary,True,62,0.03364856260387228,0.03364357360981173,0.0342138902046932,0.03420856027423867,True,0.0008,0.34213656187057495,28,1024,0.03,0.03,0.0,0.0,0.0,0.0,"[0, 20]",0.25300929581811266,0.1403976388250537,0.16397271380413797,0.028316096111078454,0.0,0.0,0.0,0.12,0.0001,False,True,single,linear,True,False,24,64,2,embedding,True,True,False,16,hybrid_localization,H24_D64_embedding_layers2_best_c4,direct_rbf16_plus_full_z_window_context
task2_hybrid_spike_localization,task2_hybrid_spike_localization,random,z_window_summary,True,63,0.033633620831300115,0.03362863003549797,,,False,0.0008,0.3441239893436432,28,1024,0.03,0.03,0.0,0.0,0.0,0.0,"[0, 20]",,,,,,,,0.12,0.0001,False,True,single,linear,True,False,24,64,2,embedding,True,True,False,16,hybrid_localization,H24_D64_embedding_layers2_best_c4,direct_rbf16_plus_full_z_window_context
task2_hybrid_spike_localization,task2_hybrid_spike_localization,random,z_window_summary,True,64,0.03359922471198749,0.0335942451687083,0.03415971970233719,0.03415438163728693,True,0.0008,0.34602662920951843,28,1024,0.03,0.03,0.0,0.0,0.0,0.0,"[0, 20]",0.25281286597519476,0.1404051157260182,0.16423610472251002,0.027749683319535586,0.0,0.0,0.0,0.12,0.0001,False,True,single,linear,True,False,24,64,2,embedding,True,True,False,16,hybrid_localization,H24_D64_embedding_layers2_best_c4,direct_rbf16_plus_full_z_window_context
task2_hybrid_spike_localization,task2_hybrid_spike_localization,random,z_window_summary,True,65,0.033577438904369004,0.033572457462627256,,,False,0.0008,0.34835079312324524,28,1024,0.03,0.03,0.0,0.0,0.0,0.0,"[0, 20]",,,,,,,,0.12,0.0001,False,True,single,linear,True,False,24,64,2,embedding,True,True,False,16,hybrid_localization,H24_D64_embedding_layers2_best_c4,direct_rbf16_plus_full_z_window_context
task2_hybrid_spike_localization,task2_hybrid_spike_localization,random,z_window_summary,True,66,0.03357997029138958,0.03357498812605235,0.034182825979727556,0.03417747172910624,True,0.0008,0.3505938947200775,28,1024,0.03,0.03,0.0,0.0,0.0,0.0,"[0, 20]",0.2542482800756641,0.14073438284506834,0.16427153449936213,0.02962560320668148,0.0,0.0,0.0,0.12,0.0001,False,True,single,linear,True,False,24,64,2,embedding,True,True,False,16,hybrid_localization,H24_D64_embedding_layers2_best_c4,direct_rbf16_plus_full_z_window_context
task2_hybrid_spike_localization,task2_hybrid_spike_localization,random,z_window_summary,True,67,0.033526059773322396,0.03352110057851816,,,False,0.0008,0.3527524471282959,28,1024,0.03,0.03,0.0,0.0,0.0,0.0,"[0, 20]",,,,,,,,0.12,0.0001,False,True,single,linear,True,False,24,64,2,embedding,True,True,False,16,hybrid_localization,H24_D64_embedding_layers2_best_c4,direct_rbf16_plus_full_z_window_context
task2_hybrid_spike_localization,task2_hybrid_spike_localization,random,z_window_summary,True,68,0.033493144423873335,0.03348819501907068,0.03420039775930805,0.034195059822197046,True,0.0008,0.3551577031612396,28,1024,0.03,0.03,0.0,0.0,0.0,0.0,"[0, 20]",0.25390393177400666,0.14085960504583236,0.16389993171298545,0.029011513490133683,0.0,0.0,0.0,0.12,0.0001,False,True,single,linear,True,False,24,64,2,embedding,True,True,False,16,hybrid_localization,H24_D64_embedding_layers2_best_c4,direct_rbf16_plus_full_z_window_context
task2_hybrid_spike_localization,task2_hybrid_spike_localization,random,z_window_summary,True,69,0.03347327537608869,0.03346832871738106,,,False,0.0008,0.35721707344055176,28,1024,0.03,0.03,0.0,0.0,0.0,0.0,"[0, 20]",,,,,,,,0.12,0.0001,False,True,single,linear,True,False,24,64,2,embedding,True,True,False,16,hybrid_localization,H24_D64_embedding_layers2_best_c4,direct_rbf16_plus_full_z_window_context
task2_hybrid_spike_localization,task2_hybrid_spike_localization,random,z_window_summary,True,70,0.03346949031501953,0.03346454164328934,0.03412997607229535,0.03412464871066053,True,0.0008,0.3590848445892334,28,1024,0.03,0.03,0.0,0.0,0.0,0.0,"[0, 20]",0.2528411413817829,0.14014554578982352,0.16417994736688574,0.027113174269128463,0.0,0.0,0.0,0.12,0.0001,False,True,single,linear,True,False,24,64,2,embedding,True,True,False,16,hybrid_localization,H24_D64_embedding_layers2_best_c4,direct_rbf16_plus_full_z_window_context
task2_hybrid_spike_localization,task2_hybrid_spike_localization,random,z_window_summary,True,71,0.0334504373679603,0.03344548668752794,,,False,0.0008,0.3615388870239258,28,1024,0.03,0.03,0.0,0.0,0.0,0.0,"[0, 20]",,,,,,,,0.12,0.0001,False,True,single,linear,True,False,24,64,2,embedding,True,True,False,16,hybrid_localization,H24_D64_embedding_layers2_best_c4,direct_rbf16_plus_full_z_window_context
task2_hybrid_spike_localization,task2_hybrid_spike_localization,random,z_window_summary,True,72,0.03342709548567905,0.033422147904638044,0.034113546282755404,0.03410821746445264,True,0.0008,0.36344560980796814,28,1024,0.03,0.03,0.0,0.0,0.0,0.0,"[0, 20]",0.2533328053592699,0.13984347781548997,0.16390996270977154,0.028519983469235777,0.0,0.0,0.0,0.12,0.0001,False,True,single,linear,True,False,24,64,2,embedding,True,True,False,16,hybrid_localization,H24_D64_embedding_layers2_best_c4,direct_rbf16_plus_full_z_window_context
task2_hybrid_spike_localization,task2_hybrid_spike_localization,random,z_window_summary,True,73,0.03338524967521217,0.03338031574520688,,,False,0.0008,0.36557120084762573,28,1024,0.03,0.03,0.0,0.0,0.0,0.0,"[0, 20]",,,,,,,,0.12,0.0001,False,True,single,linear,True,False,24,64,2,embedding,True,True,False,16,hybrid_localization,H24_D64_embedding_layers2_best_c4,direct_rbf16_plus_full_z_window_context
task2_hybrid_spike_localization,task2_hybrid_spike_localization,random,z_window_summary,True,74,0.03336461577418142,0.03335968820462502,0.03409357799507686,0.034088232907582616,True,0.0008,0.36781540513038635,28,1024,0.03,0.03,0.0,0.0,0.0,0.0,"[0, 20]",0.25371496059945403,0.1401348011361228,0.16390088497923413,0.02808356374652699,0.0,0.0,0.0,0.12,0.0001,False,True,single,linear,True,False,24,64,2,embedding,True,True,False,16,hybrid_localization,H24_D64_embedding_layers2_best_c4,direct_rbf16_plus_full_z_window_context
task2_hybrid_spike_localization,task2_hybrid_spike_localization,random,z_window_summary,True,75,0.033343410850953756,0.03333849005186509,,,False,0.0008,0.37012872099876404,28,1024,0.03,0.03,0.0,0.0,0.0,0.0,"[0, 20]",,,,,,,,0.12,0.0001,False,True,single,linear,True,False,24,64,2,embedding,True,True,False,16,hybrid_localization,H24_D64_embedding_layers2_best_c4,direct_rbf16_plus_full_z_window_context
task2_hybrid_spike_localization,task2_hybrid_spike_localization,random,z_window_summary,True,76,0.03332957886953814,0.03332465657921842,0.03407991272548901,0.03407457440456022,True,0.0008,0.37224847078323364,28,1024,0.03,0.03,0.0,0.0,0.0,0.0,"[0, 20]",0.2558285907462791,0.14020768228069566,0.16375904023379723,0.029440455678871318,0.0,0.0,0.0,0.12,0.0001,False,True,single,linear,True,False,24,64,2,embedding,True,True,False,16,hybrid_localization,H24_D64_embedding_layers2_best_c4,direct_rbf16_plus_full_z_window_context
task2_hybrid_spike_localization,task2_hybrid_spike_localization,random,z_window_summary,True,77,0.03329697683721145,0.03329206269542421,,,False,0.0008,0.3746523857116699,28,1024,0.03,0.03,0.0,0.0,0.0,0.0,"[0, 20]",,,,,,,,0.12,0.0001,False,True,single,linear,True,False,24,64,2,embedding,True,True,False,16,hybrid_localization,H24_D64_embedding_layers2_best_c4,direct_rbf16_plus_full_z_window_context
task2_hybrid_spike_localization,task2_hybrid_spike_localization,random,z_window_summary,True,78,0.03327790583552513,0.03327300185194811,0.034082628507271624,0.03407731600247917,True,0.0008,0.37636834383010864,28,1024,0.03,0.03,0.0,0.0,0.0,0.0,"[0, 20]",0.2547551974369888,0.14053369900995633,0.16386348241908782,0.028637361506838457,0.0,0.0,0.0,0.12,0.0001,False,True,single,linear,True,False,24,64,2,embedding,True,True,False,16,hybrid_localization,H24_D64_embedding_layers2_best_c4,direct_rbf16_plus_full_z_window_context
task2_hybrid_spike_localization,task2_hybrid_spike_localization,random,z_window_summary,True,79,0.03325014261105869,0.03324524341586641,,,False,0.0008,0.3786090016365051,28,1024,0.03,0.03,0.0,0.0,0.0,0.0,"[0, 20]",,,,,,,,0.12,0.0001,False,True,single,linear,True,False,24,64,2,embedding,True,True,False,16,hybrid_localization,H24_D64_embedding_layers2_best_c4,direct_rbf16_plus_full_z_window_context
task2_hybrid_spike_localization,task2_hybrid_spike_localization,random,z_window_summary,True,80,0.03324136389687719,0.0332364647777795,0.034044299251269276,0.03403893772232546,True,0.0008,0.38046443462371826,28,1024,0.03,0.03,0.0,0.0,0.0,0.0,"[0, 20]",0.25503974295358195,0.14040610306257617,0.1641769519090385,0.028474959598981706,0.0,0.0,0.0,0.12,0.0001,False,True,single,linear,True,False,24,64,2,embedding,True,True,False,16,hybrid_localization,H24_D64_embedding_layers2_best_c4,direct_rbf16_plus_full_z_window_context
task2_hybrid_spike_localization,task2_hybrid_spike_localization,random,z_window_summary,True,81,0.03322469097368065,0.03321979037059901,,,False,0.0008,0.38214871287345886,28,1024,0.03,0.03,0.0,0.0,0.0,0.0,"[0, 20]",,,,,,,,0.12,0.0001,False,True,single,linear,True,False,24,64,2,embedding,True,True,False,16,hybrid_localization,H24_D64_embedding_layers2_best_c4,direct_rbf16_plus_full_z_window_context
task2_hybrid_spike_localization,task2_hybrid_spike_localization,random,z_window_summary,True,82,0.033194874900888294,0.03318998065031159,0.034048109795107986,0.03404281189127937,True,0.0008,0.38457784056663513,28,1024,0.03,0.03,0.0,0.0,0.0,0.0,"[0, 20]",0.25464854831781186,0.13992160165015563,0.16403113628009086,0.026837948949716976,0.0,0.0,0.0,0.12,0.0001,False,True,single,linear,True,False,24,64,2,embedding,True,True,False,16,hybrid_localization,H24_D64_embedding_layers2_best_c4,direct_rbf16_plus_full_z_window_context
task2_hybrid_spike_localization,task2_hybrid_spike_localization,random,z_window_summary,True,83,0.03316866565639278,0.033163782134457025,,,False,0.0008,0.38682952523231506,28,1024,0.03,0.03,0.0,0.0,0.0,0.0,"[0, 20]",,,,,,,,0.12,0.0001,False,True,single,linear,True,False,24,64,2,embedding,True,True,False,16,hybrid_localization,H24_D64_embedding_layers2_best_c4,direct_rbf16_plus_full_z_window_context
task2_hybrid_spike_localization,task2_hybrid_spike_localization,random,z_window_summary,True,84,0.03316158327718955,0.03315669315648668,0.03405526562454858,0.03404991655588551,True,0.0008,0.38915708661079407,28,1024,0.03,0.03,0.0,0.0,0.0,0.0,"[0, 20]",0.2562077854551985,0.14038471955174683,0.1637476026543597,0.028810112545419354,0.0,0.0,0.0,0.12,0.0001,False,True,single,linear,True,False,24,64,2,embedding,True,True,False,16,hybrid_localization,H24_D64_embedding_layers2_best_c4,direct_rbf16_plus_full_z_window_context
task2_hybrid_spike_localization,task2_hybrid_spike_localization,random,z_window_summary,True,85,0.03314623518540669,0.03314135102990679,,,False,0.0008,0.39056265354156494,28,1024,0.03,0.03,0.0,0.0,0.0,0.0,"[0, 20]",,,,,,,,0.12,0.0001,False,True,single,linear,True,False,24,64,2,embedding,True,True,False,16,hybrid_localization,H24_D64_embedding_layers2_best_c4,direct_rbf16_plus_full_z_window_context
task2_hybrid_spike_localization,task2_hybrid_spike_localization,random,z_window_summary,True,86,0.03312669349224591,0.033121816524897804,0.03406395743424376,0.034058648915637355,True,0.0008,0.3920135796070099,28,1024,0.03,0.03,0.0,0.0,0.0,0.0,"[0, 20]",0.2549934082694862,0.1399362019149275,0.16362763492079027,0.026975872814153583,0.0,0.0,0.0,0.12,0.0001,False,True,single,linear,True,False,24,64,2,embedding,True,True,False,16,hybrid_localization,H24_D64_embedding_layers2_best_c4,direct_rbf16_plus_full_z_window_context
task2_hybrid_spike_localization,task2_hybrid_spike_localization,random,z_window_summary,True,87,0.033077948647762034,0.033073086963859875,,,False,0.0008,0.3944416046142578,28,1024,0.03,0.03,0.0,0.0,0.0,0.0,"[0, 20]",,,,,,,,0.12,0.0001,False,True,single,linear,True,False,24,64,2,embedding,True,True,False,16,hybrid_localization,H24_D64_embedding_layers2_best_c4,direct_rbf16_plus_full_z_window_context
task2_hybrid_spike_localization,task2_hybrid_spike_localization,random,z_window_summary,True,88,0.03307971618163688,0.03307485228653174,0.03398628985691151,0.03398097563957258,True,0.0008,0.39615800976753235,28,1024,0.03,0.03,0.0,0.0,0.0,0.0,"[0, 20]",0.25573238790637315,0.13992458183891177,0.16370326373579794,0.02804585576233037,0.0,0.0,0.0,0.12,0.0001,False,True,single,linear,True,False,24,64,2,embedding,True,True,False,16,hybrid_localization,H24_D64_embedding_layers2_best_c4,direct_rbf16_plus_full_z_window_context
task2_hybrid_spike_localization,task2_hybrid_spike_localization,random,z_window_summary,True,89,0.03305510532569448,0.03305024849874582,,,False,0.0008,0.3984728157520294,28,1024,0.03,0.03,0.0,0.0,0.0,0.0,"[0, 20]",,,,,,,,0.12,0.0001,False,True,single,linear,True,False,24,64,2,embedding,True,True,False,16,hybrid_localization,H24_D64_embedding_layers2_best_c4,direct_rbf16_plus_full_z_window_context
task2_hybrid_spike_localization,task2_hybrid_spike_localization,random,z_window_summary,True,90,0.03304235858001648,0.03303750252655682,0.03402437761292179,0.034018982767924984,True,0.0008,0.40054765343666077,28,1024,0.03,0.03,0.0,0.0,0.0,0.0,"[0, 20]",0.25713876465086716,0.14039477522659516,0.16374602557967943,0.02906058653854628,0.0,0.0,0.0,0.12,0.0001,False,True,single,linear,True,False,24,64,2,embedding,True,True,False,16,hybrid_localization,H24_D64_embedding_layers2_best_c4,direct_rbf16_plus_full_z_window_context
task2_hybrid_spike_localization,task2_hybrid_spike_localization,random,z_window_summary,True,91,0.033025766251308396,0.03302091093287234,,,False,0.0008,0.40253746509552,28,1024,0.03,0.03,0.0,0.0,0.0,0.0,"[0, 20]",,,,,,,,0.12,0.0001,False,True,single,linear,True,False,24,64,2,embedding,True,True,False,16,hybrid_localization,H24_D64_embedding_layers2_best_c4,direct_rbf16_plus_full_z_window_context
task2_hybrid_spike_localization,task2_hybrid_spike_localization,random,z_window_summary,True,92,0.032984476030887486,0.03297963546337459,0.03406057877070976,0.034055229273910075,True,0.0008,0.40496090054512024,28,1024,0.03,0.03,0.0,0.0,0.0,0.0,"[0, 20]",0.25834201353567615,0.1403071905226017,0.16401524460141773,0.030611210052179032,0.0,0.0,0.0,0.12,0.0001,False,True,single,linear,True,False,24,64,2,embedding,True,True,False,16,hybrid_localization,H24_D64_embedding_layers2_best_c4,direct_rbf16_plus_full_z_window_context
task2_hybrid_spike_localization,task2_hybrid_spike_localization,random,z_window_summary,True,93,0.03298086886197674,0.03297602293662395,,,False,0.0008,0.40689873695373535,28,1024,0.03,0.03,0.0,0.0,0.0,0.0,"[0, 20]",,,,,,,,0.12,0.0001,False,True,single,linear,True,False,24,64,2,embedding,True,True,False,16,hybrid_localization,H24_D64_embedding_layers2_best_c4,direct_rbf16_plus_full_z_window_context
task2_hybrid_spike_localization,task2_hybrid_spike_localization,random,z_window_summary,True,94,0.03295937590621582,0.03295453450974569,0.03405422998715597,0.03404891311737691,True,0.0008,0.4083186089992523,28,1024,0.03,0.03,0.0,0.0,0.0,0.0,"[0, 20]",0.25799825765468454,0.14080393273889283,0.16352466250844008,0.029702741198668173,0.0,0.0,0.0,0.12,0.0001,False,True,single,linear,True,False,24,64,2,embedding,True,True,False,16,hybrid_localization,H24_D64_embedding_layers2_best_c4,direct_rbf16_plus_full_z_window_context
task2_hybrid_spike_localization,task2_hybrid_spike_localization,random,z_window_summary,True,95,0.03295861244803727,0.0329537734885453,,,False,0.0008,0.41010579466819763,28,1024,0.03,0.03,0.0,0.0,0.0,0.0,"[0, 20]",,,,,,,,0.12,0.0001,False,True,single,linear,True,False,24,64,2,embedding,True,True,False,16,hybrid_localization,H24_D64_embedding_layers2_best_c4,direct_rbf16_plus_full_z_window_context
task2_hybrid_spike_localization,task2_hybrid_spike_localization,random,z_window_summary,True,96,0.032934326759905035,0.03292949347015717,0.03398824646550531,0.0339828875053812,True,0.0008,0.41220125555992126,28,1024,0.03,0.03,0.0,0.0,0.0,0.0,"[0, 20]",0.2572712986892054,0.14052594276991756,0.1635129435127967,0.02950355254707379,0.0,0.0,0.0,0.12,0.0001,False,True,single,linear,True,False,24,64,2,embedding,True,True,False,16,hybrid_localization,H24_D64_embedding_layers2_best_c4,direct_rbf16_plus_full_z_window_context
task2_hybrid_spike_localization,task2_hybrid_spike_localization,random,z_window_summary,True,97,0.032938181284189315,0.032933342385182786,,,False,0.0008,0.4138944149017334,28,1024,0.03,0.03,0.0,0.0,0.0,0.0,"[0, 20]",,,,,,,,0.12,0.0001,False,True,single,linear,True,False,24,64,2,embedding,True,True,False,16,hybrid_localization,H24_D64_embedding_layers2_best_c4,direct_rbf16_plus_full_z_window_context
task2_hybrid_spike_localization,task2_hybrid_spike_localization,random,z_window_summary,True,98,0.03289971328990271,0.03289488769379217,0.03394580873776767,0.033940488826713446,True,0.0008,0.4158749580383301,28,1024,0.03,0.03,0.0,0.0,0.0,0.0,"[0, 20]",0.2563587843167661,0.14028120275030767,0.1635884524997236,0.02704151826131959,0.0,0.0,0.0,0.12,0.0001,False,True,single,linear,True,False,24,64,2,embedding,True,True,False,16,hybrid_localization,H24_D64_embedding_layers2_best_c4,direct_rbf16_plus_full_z_window_context
task2_hybrid_spike_localization,task2_hybrid_spike_localization,random,z_window_summary,True,99,0.032889040383091143,0.03288421748011602,,,False,0.0008,0.41782864928245544,28,1024,0.03,0.03,0.0,0.0,0.0,0.0,"[0, 20]",,,,,,,,0.12,0.0001,False,True,single,linear,True,False,24,64,2,embedding,True,True,False,16,hybrid_localization,H24_D64_embedding_layers2_best_c4,direct_rbf16_plus_full_z_window_context
task2_hybrid_spike_localization,task2_hybrid_spike_localization,random,z_window_summary,True,100,0.032873855587520096,0.03286903407654645,0.03398817070204802,0.033982815851032,True,0.0008,0.4199797213077545,28,1024,0.03,0.03,0.0,0.0,0.0,0.0,"[0, 20]",0.2576895353569326,0.14055062180215663,0.16400046460623158,0.02799680721177798,0.0,0.0,0.0,0.12,0.0001,False,True,single,linear,True,False,24,64,2,embedding,True,True,False,16,hybrid_localization,H24_D64_embedding_layers2_best_c4,direct_rbf16_plus_full_z_window_context
task2_hybrid_spike_localization,task2_hybrid_spike_localization,random,z_window_summary,True,101,0.03286020907622529,0.03285538841762259,,,False,0.0008,0.422496497631073,28,1024,0.03,0.03,0.0,0.0,0.0,0.0,"[0, 20]",,,,,,,,0.12,0.0001,False,True,single,linear,True,False,24,64,2,embedding,True,True,False,16,hybrid_localization,H24_D64_embedding_layers2_best_c4,direct_rbf16_plus_full_z_window_context
task2_hybrid_spike_localization,task2_hybrid_spike_localization,random,z_window_summary,True,102,0.03283840595220877,0.032833588766920135,0.03399552464167411,0.03399022776637682,True,0.0008,0.42434632778167725,28,1024,0.03,0.03,0.0,0.0,0.0,0.0,"[0, 20]",0.25781776090931274,0.1401756742218662,0.16392054680220608,0.02691205674249315,0.0,0.0,0.0,0.12,0.0001,False,True,single,linear,True,False,24,64,2,embedding,True,True,False,16,hybrid_localization,H24_D64_embedding_layers2_best_c4,direct_rbf16_plus_full_z_window_context
task2_hybrid_spike_localization,task2_hybrid_spike_localization,random,z_window_summary,True,103,0.03281175372470554,0.03280695412228538,,,False,0.0008,0.4261138439178467,28,1024,0.03,0.03,0.0,0.0,0.0,0.0,"[0, 20]",,,,,,,,0.12,0.0001,False,True,single,linear,True,False,24,64,2,embedding,True,True,False,16,hybrid_localization,H24_D64_embedding_layers2_best_c4,direct_rbf16_plus_full_z_window_context
task2_hybrid_spike_localization,task2_hybrid_spike_localization,random,z_window_summary,True,104,0.03278392830308216,0.032779132885585954,0.03403160414009383,0.03402628851040579,True,0.0008,0.4281710386276245,28,1024,0.03,0.03,0.0,0.0,0.0,0.0,"[0, 20]",0.25845969313991857,0.14059457228708214,0.1639017625522667,0.028731811907890804,0.0,0.0,0.0,0.12,0.0001,False,True,single,linear,True,False,24,64,2,embedding,True,True,False,16,hybrid_localization,H24_D64_embedding_layers2_best_c4,direct_rbf16_plus_full_z_window_context
task2_hybrid_spike_localization,task2_hybrid_spike_localization,random,z_window_summary,True,105,0.03276878758467765,0.032763998325547605,,,False,0.0008,0.43016868829727173,28,1024,0.03,0.03,0.0,0.0,0.0,0.0,"[0, 20]",,,,,,,,0.12,0.0001,False,True,single,linear,True,False,24,64,2,embedding,True,True,False,16,hybrid_localization,H24_D64_embedding_layers2_best_c4,direct_rbf16_plus_full_z_window_context
task2_hybrid_spike_localization,task2_hybrid_spike_localization,random,z_window_summary,True,106,0.03277080777128047,0.03276600694549338,0.03399413341758762,0.03398881749271945,True,0.0008,0.4320489168167114,28,1024,0.03,0.03,0.0,0.0,0.0,0.0,"[0, 20]",0.2587635903446763,0.14069862857745286,0.16448962298440345,0.0281720417734616,0.0,0.0,0.0,0.12,0.0001,False,True,single,linear,True,False,24,64,2,embedding,True,True,False,16,hybrid_localization,H24_D64_embedding_layers2_best_c4,direct_rbf16_plus_full_z_window_context
task2_hybrid_spike_localization,task2_hybrid_spike_localization,random,z_window_summary,True,107,0.0327586559016429,0.032753863121256416,,,False,0.0008,0.43373629450798035,28,1024,0.03,0.03,0.0,0.0,0.0,0.0,"[0, 20]",,,,,,,,0.12,0.0001,False,True,single,linear,True,False,24,64,2,embedding,True,True,False,16,hybrid_localization,H24_D64_embedding_layers2_best_c4,direct_rbf16_plus_full_z_window_context
task2_hybrid_spike_localization,task2_hybrid_spike_localization,random,z_window_summary,True,108,0.03272501384881923,0.032720231623561295,0.03405249949908417,0.03404717950440952,True,0.0008,0.43572676181793213,28,1024,0.03,0.03,0.0,0.0,0.0,0.0,"[0, 20]",0.26016073385473054,0.14108220866968066,0.16456512604765886,0.029411110326263104,0.0,0.0,0.0,0.12,0.0001,False,True,single,linear,True,False,24,64,2,embedding,True,True,False,16,hybrid_localization,H24_D64_embedding_layers2_best_c4,direct_rbf16_plus_full_z_window_context
task2_hybrid_spike_localization,task2_hybrid_spike_localization,random,z_window_summary,True,109,0.03271468082339051,0.03270990331237387,,,False,0.0008,0.4374799132347107,28,1024,0.03,0.03,0.0,0.0,0.0,0.0,"[0, 20]",,,,,,,,0.12,0.0001,False,True,single,linear,True,False,24,64,2,embedding,True,True,False,16,hybrid_localization,H24_D64_embedding_layers2_best_c4,direct_rbf16_plus_full_z_window_context
task2_hybrid_spike_localization,task2_hybrid_spike_localization,random,z_window_summary,True,110,0.03269588433532201,0.03269110526924404,0.03401131031639648,0.03400597824525887,True,0.0008,0.4398666322231293,28,1024,0.03,0.03,0.0,0.0,0.0,0.0,"[0, 20]",0.2590732543422986,0.1414768930035408,0.16413206902283478,0.0293036735021874,0.0,0.0,0.0,0.12,0.0001,False,True,single,linear,True,False,24,64,2,embedding,True,True,False,16,hybrid_localization,H24_D64_embedding_layers2_best_c4,direct_rbf16_plus_full_z_window_context
task2_hybrid_spike_localization,task2_hybrid_spike_localization,random,z_window_summary,True,111,0.032696237353753654,0.032691460222652506,,,False,0.0008,0.4408901333808899,28,1024,0.03,0.03,0.0,0.0,0.0,0.0,"[0, 20]",,,,,,,,0.12,0.0001,False,True,single,linear,True,False,24,64,2,embedding,True,True,False,16,hybrid_localization,H24_D64_embedding_layers2_best_c4,direct_rbf16_plus_full_z_window_context
task2_hybrid_spike_localization,task2_hybrid_spike_localization,random,z_window_summary,True,112,0.032676885453471964,0.03267210872918423,0.03404900764191458,0.034043687391361405,True,0.0008,0.4427923560142517,28,1024,0.03,0.03,0.0,0.0,0.0,0.0,"[0, 20]",0.25906903937743303,0.14116170901040034,0.16381693426540536,0.02875714472105139,0.0,0.0,0.0,0.12,0.0001,False,True,single,linear,True,False,24,64,2,embedding,True,True,False,16,hybrid_localization,H24_D64_embedding_layers2_best_c4,direct_rbf16_plus_full_z_window_context
task2_hybrid_spike_localization,task2_hybrid_spike_localization,random,z_window_summary,True,113,0.03266300054617558,0.03265822561791538,,,False,0.0008,0.44467538595199585,28,1024,0.03,0.03,0.0,0.0,0.0,0.0,"[0, 20]",,,,,,,,0.12,0.0001,False,True,single,linear,True,False,24,64,2,embedding,True,True,False,16,hybrid_localization,H24_D64_embedding_layers2_best_c4,direct_rbf16_plus_full_z_window_context
task2_hybrid_spike_localization,task2_hybrid_spike_localization,random,z_window_summary,True,114,0.03263543333371859,0.03263066870833197,0.033976824013840334,0.03397151493915805,True,0.0008,0.4469415247440338,28,1024,0.03,0.03,0.0,0.0,0.0,0.0,"[0, 20]",0.260238457261245,0.14088491514141177,0.16372642373931662,0.029420364977568222,0.0,0.0,0.0,0.12,0.0001,False,True,single,linear,True,False,24,64,2,embedding,True,True,False,16,hybrid_localization,H24_D64_embedding_layers2_best_c4,direct_rbf16_plus_full_z_window_context
task2_hybrid_spike_localization,task2_hybrid_spike_localization,random,z_window_summary,True,115,0.03262399936208465,0.032619237544393435,,,False,0.0008,0.44901129603385925,28,1024,0.03,0.03,0.0,0.0,0.0,0.0,"[0, 20]",,,,,,,,0.12,0.0001,False,True,single,linear,True,False,24,64,2,embedding,True,True,False,16,hybrid_localization,H24_D64_embedding_layers2_best_c4,direct_rbf16_plus_full_z_window_context
task2_hybrid_spike_localization,task2_hybrid_spike_localization,random,z_window_summary,True,116,0.03262351474571754,0.0326187532884304,0.03405128727624178,0.034045991089976864,True,0.0004,0.45075103640556335,28,1024,0.03,0.03,0.0,0.0,0.0,0.0,"[0, 20]",0.2601152596048233,0.1413309052135005,0.16371019010658885,0.0284843693507206,0.0,0.0,0.0,0.12,0.0001,False,True,single,linear,True,False,24,64,2,embedding,True,True,False,16,hybrid_localization,H24_D64_embedding_layers2_best_c4,direct_rbf16_plus_full_z_window_context
task2_hybrid_spike_localization,task2_hybrid_spike_localization,random,z_window_summary,True,117,0.0325398928781618,0.03253515646324325,,,False,0.0004,0.45219531655311584,28,1024,0.03,0.03,0.0,0.0,0.0,0.0,"[0, 20]",,,,,,,,0.12,0.0001,False,True,single,linear,True,False,24,64,2,embedding,True,True,False,16,hybrid_localization,H24_D64_embedding_layers2_best_c4,direct_rbf16_plus_full_z_window_context
task2_hybrid_spike_localization,task2_hybrid_spike_localization,random,z_window_summary,True,118,0.03251198792152087,0.03250726211859276,0.0339980720152491,0.033992762940566815,True,0.0004,0.4539617896080017,28,1024,0.03,0.03,0.0,0.0,0.0,0.0,"[0, 20]",0.26048461200813655,0.14117121065974103,0.16404420738803552,0.029103540023736548,0.0,0.0,0.0,0.12,0.0001,False,True,single,linear,True,False,24,64,2,embedding,True,True,False,16,hybrid_localization,H24_D64_embedding_layers2_best_c4,direct_rbf16_plus_full_z_window_context
task2_hybrid_spike_localization,task2_hybrid_spike_localization,random,z_window_summary,True,119,0.032494536058380055,0.03248981636253092,,,False,0.0004,0.45571884512901306,28,1024,0.03,0.03,0.0,0.0,0.0,0.0,"[0, 20]",,,,,,,,0.12,0.0001,False,True,single,linear,True,False,24,64,2,embedding,True,True,False,16,hybrid_localization,H24_D64_embedding_layers2_best_c4,direct_rbf16_plus_full_z_window_context
task2_hybrid_spike_localization,task2_hybrid_spike_localization,random,z_window_summary,True,120,0.03248719835449728,0.03248247947478357,0.03405472243374044,0.03404942945599155,True,0.0004,0.4569591283798218,28,1024,0.03,0.03,0.0,0.0,0.0,0.0,"[0, 20]",0.2606734994619115,0.1414290861315465,0.16429061418698157,0.028714664568486974,0.0,0.0,0.0,0.12,0.0001,False,True,single,linear,True,False,24,64,2,embedding,True,True,False,16,hybrid_localization,H24_D64_embedding_layers2_best_c4,direct_rbf16_plus_full_z_window_context
task2_hybrid_spike_localization,task2_hybrid_spike_localization,random,z_window_summary,True,121,0.03247299350984882,0.032468278421206816,,,False,0.0004,0.4584522247314453,28,1024,0.03,0.03,0.0,0.0,0.0,0.0,"[0, 20]",,,,,,,,0.12,0.0001,False,True,single,linear,True,False,24,64,2,embedding,True,True,False,16,hybrid_localization,H24_D64_embedding_layers2_best_c4,direct_rbf16_plus_full_z_window_context
task2_hybrid_spike_localization,task2_hybrid_spike_localization,random,z_window_summary,True,122,0.032467775411689236,0.032463056830779206,0.03402343460773646,0.03401812762941843,True,0.0004,0.4595283269882202,28,1024,0.03,0.03,0.0,0.0,0.0,0.0,"[0, 20]",0.2607083119192776,0.14166801482539385,0.16415449327023074,0.028631551233439065,0.0,0.0,0.0,0.12,0.0001,False,True,single,linear,True,False,24,64,2,embedding,True,True,False,16,hybrid_localization,H24_D64_embedding_layers2_best_c4,direct_rbf16_plus_full_z_window_context
task2_hybrid_spike_localization,task2_hybrid_spike_localization,random,z_window_summary,True,123,0.03246381391708074,0.03245910305294302,,,False,0.0004,0.460614413022995,28,1024,0.03,0.03,0.0,0.0,0.0,0.0,"[0, 20]",,,,,,,,0.12,0.0001,False,True,single,linear,True,False,24,64,2,embedding,True,True,False,16,hybrid_localization,H24_D64_embedding_layers2_best_c4,direct_rbf16_plus_full_z_window_context
task2_hybrid_spike_localization,task2_hybrid_spike_localization,random,z_window_summary,True,124,0.03245375775723389,0.032449052760184505,0.034011660706080436,0.03400635830932595,True,0.0004,0.46201691031455994,28,1024,0.03,0.03,0.0,0.0,0.0,0.0,"[0, 20]",0.26041026419126895,0.14164611628962687,0.16427844419623866,0.027732469047410318,0.0,0.0,0.0,0.12,0.0001,False,True,single,linear,True,False,24,64,2,embedding,True,True,False,16,hybrid_localization,H24_D64_embedding_layers2_best_c4,direct_rbf16_plus_full_z_window_context
task2_hybrid_spike_localization,task2_hybrid_spike_localization,random,z_window_summary,True,125,0.03244230803583072,0.03243760140957656,,,False,0.0004,0.4632195830345154,28,1024,0.03,0.03,0.0,0.0,0.0,0.0,"[0, 20]",,,,,,,,0.12,0.0001,False,True,single,linear,True,False,24,64,2,embedding,True,True,False,16,hybrid_localization,H24_D64_embedding_layers2_best_c4,direct_rbf16_plus_full_z_window_context
task2_hybrid_spike_localization,task2_hybrid_spike_localization,random,z_window_summary,True,126,0.03244112320899339,0.03243641329812861,0.03406729646420104,0.034061989786080375,True,0.0004,0.4647224247455597,28,1024,0.03,0.03,0.0,0.0,0.0,0.0,"[0, 20]",0.2613401650780379,0.14192730799802358,0.16425602513665435,0.02816584301834422,0.0,0.0,0.0,0.12,0.0001,False,True,single,linear,True,False,24,64,2,embedding,True,True,False,16,hybrid_localization,H24_D64_embedding_layers2_best_c4,direct_rbf16_plus_full_z_window_context
task2_hybrid_spike_localization,task2_hybrid_spike_localization,random,z_window_summary,True,127,0.032428133875700225,0.03242342875154777,,,False,0.0004,0.465861976146698,28,1024,0.03,0.03,0.0,0.0,0.0,0.0,"[0, 20]",,,,,,,,0.12,0.0001,False,True,single,linear,True,False,24,64,2,embedding,True,True,False,16,hybrid_localization,H24_D64_embedding_layers2_best_c4,direct_rbf16_plus_full_z_window_context
task2_hybrid_spike_localization,task2_hybrid_spike_localization,random,z_window_summary,True,128,0.032427207418719885,0.03242249698216131,0.03403341675430168,0.03402810952010513,True,0.0004,0.46701714396476746,28,1024,0.03,0.03,0.0,0.0,0.0,0.0,"[0, 20]",0.2622220356523255,0.14175485233064453,0.164448884664695,0.029191943476714537,0.0,0.0,0.0,0.12,0.0001,False,True,single,linear,True,False,24,64,2,embedding,True,True,False,16,hybrid_localization,H24_D64_embedding_layers2_best_c4,direct_rbf16_plus_full_z_window_context
task2_hybrid_spike_localization,task2_hybrid_spike_localization,random,z_window_summary,True,129,0.0324269914547357,0.03242227933127426,,,False,0.0004,0.4681408107280731,28,1024,0.03,0.03,0.0,0.0,0.0,0.0,"[0, 20]",,,,,,,,0.12,0.0001,False,True,single,linear,True,False,24,64,2,embedding,True,True,False,16,hybrid_localization,H24_D64_embedding_layers2_best_c4,direct_rbf16_plus_full_z_window_context
task2_hybrid_spike_localization,task2_hybrid_spike_localization,random,z_window_summary,True,130,0.03240943981457907,0.032404740323099,0.03408545973709671,0.03408013010683954,True,0.0004,0.4695563018321991,28,1024,0.03,0.03,0.0,0.0,0.0,0.0,"[0, 20]",0.2626536541046652,0.1420017550957591,0.16470559158442932,0.029640180825367655,0.0,0.0,0.0,0.12,0.0001,False,True,single,linear,True,False,24,64,2,embedding,True,True,False,16,hybrid_localization,H24_D64_embedding_layers2_best_c4,direct_rbf16_plus_full_z_window_context
task2_hybrid_spike_localization,task2_hybrid_spike_localization,random,z_window_summary,True,131,0.032422935109748585,0.0324182260476312,,,False,0.0004,0.4707846939563751,28,1024,0.03,0.03,0.0,0.0,0.0,0.0,"[0, 20]",,,,,,,,0.12,0.0001,False,True,single,linear,True,False,24,64,2,embedding,True,True,False,16,hybrid_localization,H24_D64_embedding_layers2_best_c4,direct_rbf16_plus_full_z_window_context
task2_hybrid_spike_localization,task2_hybrid_spike_localization,random,z_window_summary,True,132,0.03241036531800774,0.0324056643456098,0.03408327884261322,0.03407795721901252,True,0.0004,0.47179603576660156,28,1024,0.03,0.03,0.0,0.0,0.0,0.0,"[0, 20]",0.2619940303257686,0.1420376175615255,0.16456861360172095,0.029006053856443344,0.0,0.0,0.0,0.12,0.0001,False,True,single,linear,True,False,24,64,2,embedding,True,True,False,16,hybrid_localization,H24_D64_embedding_layers2_best_c4,direct_rbf16_plus_full_z_window_context
task2_hybrid_spike_localization,task2_hybrid_spike_localization,random,z_window_summary,True,133,0.03239748742036992,0.032392785420834326,,,False,0.0004,0.4729279577732086,28,1024,0.03,0.03,0.0,0.0,0.0,0.0,"[0, 20]",,,,,,,,0.12,0.0001,False,True,single,linear,True,False,24,64,2,embedding,True,True,False,16,hybrid_localization,H24_D64_embedding_layers2_best_c4,direct_rbf16_plus_full_z_window_context
task2_hybrid_spike_localization,task2_hybrid_spike_localization,random,z_window_summary,True,134,0.03237457759859541,0.032369887874539406,0.03402841682185228,0.03402309725531424,True,0.0002,0.4740345776081085,28,1024,0.03,0.03,0.0,0.0,0.0,0.0,"[0, 20]",0.2620460822459156,0.14208852819989692,0.1643392398200854,0.02899699100407152,0.0,0.0,0.0,0.12,0.0001,False,True,single,linear,True,False,24,64,2,embedding,True,True,False,16,hybrid_localization,H24_D64_embedding_layers2_best_c4,direct_rbf16_plus_full_z_window_context
task2_hybrid_spike_localization,task2_hybrid_spike_localization,random,z_window_summary,True,135,0.03235454897738065,0.03234986309261747,,,False,0.0002,0.4744899570941925,28,1024,0.03,0.03,0.0,0.0,0.0,0.0,"[0, 20]",,,,,,,,0.12,0.0001,False,True,single,linear,True,False,24,64,2,embedding,True,True,False,16,hybrid_localization,H24_D64_embedding_layers2_best_c4,direct_rbf16_plus_full_z_window_context
task2_hybrid_spike_localization,task2_hybrid_spike_localization,random,z_window_summary,True,136,0.03233683545280386,0.03233215776005578,0.03406287423438496,0.03405757329429841,True,0.0002,0.4754256308078766,28,1024,0.03,0.03,0.0,0.0,0.0,0.0,"[0, 20]",0.26173113876186505,0.14199004493043346,0.1644401959196887,0.028289750899061744,0.0,0.0,0.0,0.12,0.0001,False,True,single,linear,True,False,24,64,2,embedding,True,True,False,16,hybrid_localization,H24_D64_embedding_layers2_best_c4,direct_rbf16_plus_full_z_window_context
task2_hybrid_spike_localization,task2_hybrid_spike_localization,random,z_window_summary,True,137,0.032321659767121536,0.03231698298834479,,,False,0.0002,0.47631537914276123,28,1024,0.03,0.03,0.0,0.0,0.0,0.0,"[0, 20]",,,,,,,,0.12,0.0001,False,True,single,linear,True,False,24,64,2,embedding,True,True,False,16,hybrid_localization,H24_D64_embedding_layers2_best_c4,direct_rbf16_plus_full_z_window_context
task2_hybrid_spike_localization,task2_hybrid_spike_localization,random,z_window_summary,True,138,0.03231948231738179,0.03231480660908596,0.0340881767121429,0.034082876328132235,True,0.0002,0.4772176444530487,28,1024,0.03,0.03,0.0,0.0,0.0,0.0,"[0, 20]",0.26232188565428677,0.14220197803176748,0.16448707255450162,0.028484323732847584,0.0,0.0,0.0,0.12,0.0001,False,True,single,linear,True,False,24,64,2,embedding,True,True,False,16,hybrid_localization,H24_D64_embedding_layers2_best_c4,direct_rbf16_plus_full_z_window_context
task2_hybrid_spike_localization,task2_hybrid_spike_localization,random,z_window_summary,True,139,0.032311125179934584,0.03230645234441873,,,False,0.0002,0.47793400287628174,28,1024,0.03,0.03,0.0,0.0,0.0,0.0,"[0, 20]",,,,,,,,0.12,0.0001,False,True,single,linear,True,False,24,64,2,embedding,True,True,False,16,hybrid_localization,H24_D64_embedding_layers2_best_c4,direct_rbf16_plus_full_z_window_context
task2_hybrid_spike_localization,task2_hybrid_spike_localization,random,z_window_summary,True,140,0.032309983645764755,0.03230530588486602,0.03406225802955938,0.03405696278318813,True,0.0002,0.4787336587905884,28,1024,0.03,0.03,0.0,0.0,0.0,0.0,"[0, 20]",0.26231329153416266,0.14190306385224383,0.1644487110853998,0.028929759309481825,0.0,0.0,0.0,0.12,0.0001,False,True,single,linear,True,False,24,64,2,embedding,True,True,False,16,hybrid_localization,H24_D64_embedding_layers2_best_c4,direct_rbf16_plus_full_z_window_context
task2_hybrid_spike_localization,task2_hybrid_spike_localization,random,z_window_summary,True,141,0.03231864264572867,0.032313968276335335,,,False,0.0002,0.4794531464576721,28,1024,0.03,0.03,0.0,0.0,0.0,0.0,"[0, 20]",,,,,,,,0.12,0.0001,False,True,single,linear,True,False,24,64,2,embedding,True,True,False,16,hybrid_localization,H24_D64_embedding_layers2_best_c4,direct_rbf16_plus_full_z_window_context
task2_hybrid_spike_localization,task2_hybrid_spike_localization,random,z_window_summary,True,142,0.03229912772420703,0.0322944582831233,0.03407143207494792,0.03406611597782166,True,0.0002,0.4802763760089874,28,1024,0.03,0.03,0.0,0.0,0.0,0.0,"[0, 20]",0.2625845209918038,0.14218281237899788,0.16447846711217087,0.028792534652767092,0.0,0.0,0.0,0.12,0.0001,False,True,single,linear,True,False,24,64,2,embedding,True,True,False,16,hybrid_localization,H24_D64_embedding_layers2_best_c4,direct_rbf16_plus_full_z_window_context
task2_hybrid_spike_localization,task2_hybrid_spike_localization,random,z_window_summary,True,143,0.03229910554388713,0.03229443433074705,,,False,0.0002,0.48108339309692383,28,1024,0.03,0.03,0.0,0.0,0.0,0.0,"[0, 20]",,,,,,,,0.12,0.0001,False,True,single,linear,True,False,24,64,2,embedding,True,True,False,16,hybrid_localization,H24_D64_embedding_layers2_best_c4,direct_rbf16_plus_full_z_window_context
task2_hybrid_spike_localization,task2_hybrid_spike_localization,random,z_window_summary,True,144,0.032295651809133664,0.03229098118286966,0.03408581166957765,0.03408050713214007,True,0.0002,0.4819072484970093,28,1024,0.03,0.03,0.0,0.0,0.0,0.0,"[0, 20]",0.2625973108574731,0.14229932289265354,0.16456190066706852,0.029084813753278836,0.0,0.0,0.0,0.12,0.0001,False,True,single,linear,True,False,24,64,2,embedding,True,True,False,16,hybrid_localization,H24_D64_embedding_layers2_best_c4,direct_rbf16_plus_full_z_window_context
task2_hybrid_spike_localization,task2_hybrid_spike_localization,random,z_window_summary,True,145,0.032288275940048974,0.032283608374850295,,,False,0.0002,0.48255735635757446,28,1024,0.03,0.03,0.0,0.0,0.0,0.0,"[0, 20]",,,,,,,,0.12,0.0001,False,True,single,linear,True,False,24,64,2,embedding,True,True,False,16,hybrid_localization,H24_D64_embedding_layers2_best_c4,direct_rbf16_plus_full_z_window_context
task2_hybrid_spike_localization,task2_hybrid_spike_localization,random,z_window_summary,True,146,0.032291604034126,0.032286937473766195,0.03409796973270198,0.03409266703575013,True,0.0002,0.48333415389060974,28,1024,0.03,0.03,0.0,0.0,0.0,0.0,"[0, 20]",0.2630874575254759,0.14230811047032224,0.16468291426146472,0.02921653920795045,0.0,0.0,0.0,0.12,0.0001,False,True,single,linear,True,False,24,64,2,embedding,True,True,False,16,hybrid_localization,H24_D64_embedding_layers2_best_c4,direct_rbf16_plus_full_z_window_context
task2_hybrid_spike_localization,task2_hybrid_spike_localization,random,z_window_summary,True,147,0.03227834053033753,0.03227367641392425,,,False,0.0002,0.48403874039649963,28,1024,0.03,0.03,0.0,0.0,0.0,0.0,"[0, 20]",,,,,,,,0.12,0.0001,False,True,single,linear,True,False,24,64,2,embedding,True,True,False,16,hybrid_localization,H24_D64_embedding_layers2_best_c4,direct_rbf16_plus_full_z_window_context
task2_hybrid_spike_localization,task2_hybrid_spike_localization,random,z_window_summary,True,148,0.03229252483836507,0.032287856202267366,0.03407188722681919,0.03406658042075926,True,0.0002,0.4845927655696869,28,1024,0.03,0.03,0.0,0.0,0.0,0.0,"[0, 20]",0.26266139055341986,0.1421924211895961,0.16470593822122825,0.028316083405789838,0.0,0.0,0.0,0.12,0.0001,False,True,single,linear,True,False,24,64,2,embedding,True,True,False,16,hybrid_localization,H24_D64_embedding_layers2_best_c4,direct_rbf16_plus_full_z_window_context
task2_hybrid_spike_localization,task2_hybrid_spike_localization,random,z_window_summary,True,149,0.03228325331189906,0.03227858678024893,,,False,0.0002,0.48537224531173706,28,1024,0.03,0.03,0.0,0.0,0.0,0.0,"[0, 20]",,,,,,,,0.12,0.0001,False,True,single,linear,True,False,24,64,2,embedding,True,True,False,16,hybrid_localization,H24_D64_embedding_layers2_best_c4,direct_rbf16_plus_full_z_window_context
task2_hybrid_spike_localization,task2_hybrid_spike_localization,random,z_window_summary,True,150,0.03228141807738846,0.0322767523617344,0.03407630457487438,0.03407099836920916,True,0.0002,0.48620355129241943,28,1024,0.03,0.03,0.0,0.0,0.0,0.0,"[0, 20]",0.2628185865721184,0.14219548673140078,0.16461236702673362,0.028527034335800026,0.0,0.0,0.0,0.12,0.0001,False,True,single,linear,True,False,24,64,2,embedding,True,True,False,16,hybrid_localization,H24_D64_embedding_layers2_best_c4,direct_rbf16_plus_full_z_window_context
task2_hybrid_spike_localization,task2_hybrid_spike_localization,random,z_window_summary,True,151,0.032267895148035027,0.032263230608502357,,,False,0.0002,0.48715940117836,28,1024,0.03,0.03,0.0,0.0,0.0,0.0,"[0, 20]",,,,,,,,0.12,0.0001,False,True,single,linear,True,False,24,64,2,embedding,True,True,False,16,hybrid_localization,H24_D64_embedding_layers2_best_c4,direct_rbf16_plus_full_z_window_context
task2_hybrid_spike_localization,task2_hybrid_spike_localization,random,z_window_summary,True,152,0.03226679576845861,0.032262133104532256,0.03412969152534048,0.03412438900064673,True,0.0001,0.4877675771713257,28,1024,0.03,0.03,0.0,0.0,0.0,0.0,"[0, 20]",0.26344963468017535,0.14243016597531594,0.16453983347892226,0.028998157366541634,0.0,0.0,0.0,0.12,0.0001,False,True,single,linear,True,False,24,64,2,embedding,True,True,False,16,hybrid_localization,H24_D64_embedding_layers2_best_c4,direct_rbf16_plus_full_z_window_context
task2_hybrid_spike_localization,task2_hybrid_spike_localization,random,z_window_summary,True,153,0.0322362108181868,0.032231556407597194,,,False,0.0001,0.4883072078227997,28,1024,0.03,0.03,0.0,0.0,0.0,0.0,"[0, 20]",,,,,,,,0.12,0.0001,False,True,single,linear,True,False,24,64,2,embedding,True,True,False,16,hybrid_localization,H24_D64_embedding_layers2_best_c4,direct_rbf16_plus_full_z_window_context
task2_hybrid_spike_localization,task2_hybrid_spike_localization,random,z_window_summary,True,154,0.03224174047980891,0.03223708957639964,0.034088105346284196,0.034082797683951026,True,0.0001,0.488839715719223,28,1024,0.03,0.03,0.0,0.0,0.0,0.0,"[0, 20]",0.26319893732349214,0.14234090696949214,0.16476337730416277,0.02861573738281173,0.0,0.0,0.0,0.12,0.0001,False,True,single,linear,True,False,24,64,2,embedding,True,True,False,16,hybrid_localization,H24_D64_embedding_layers2_best_c4,direct_rbf16_plus_full_z_window_context
task2_hybrid_spike_localization,task2_hybrid_spike_localization,random,z_window_summary,True,155,0.03223445663208423,0.032229802377446735,,,False,0.0001,0.4892318546772003,28,1024,0.03,0.03,0.0,0.0,0.0,0.0,"[0, 20]",,,,,,,,0.12,0.0001,False,True,single,linear,True,False,24,64,2,embedding,True,True,False,16,hybrid_localization,H24_D64_embedding_layers2_best_c4,direct_rbf16_plus_full_z_window_context
task2_hybrid_spike_localization,task2_hybrid_spike_localization,random,z_window_summary,True,156,0.03223670871278185,0.03223205959606251,0.03410941691761868,0.034104110539695365,True,0.0001,0.4896524250507355,28,1024,0.03,0.03,0.0,0.0,0.0,0.0,"[0, 20]",0.2634850649453708,0.14253270731429862,0.1646923636614139,0.0287316090455561,0.0,0.0,0.0,0.12,0.0001,False,True,single,linear,True,False,24,64,2,embedding,True,True,False,16,hybrid_localization,H24_D64_embedding_layers2_best_c4,direct_rbf16_plus_full_z_window_context
task2_hybrid_spike_localization,task2_hybrid_spike_localization,random,z_window_summary,True,157,0.0322306412078783,0.032225987466252166,,,False,0.0001,0.4902317523956299,28,1024,0.03,0.03,0.0,0.0,0.0,0.0,"[0, 20]",,,,,,,,0.12,0.0001,False,True,single,linear,True,False,24,64,2,embedding,True,True,False,16,hybrid_localization,H24_D64_embedding_layers2_best_c4,direct_rbf16_plus_full_z_window_context
task2_hybrid_spike_localization,task2_hybrid_spike_localization,random,z_window_summary,True,158,0.03222374980882496,0.03221909973925078,0.034113611278409506,0.03410830417215222,True,0.0001,0.49051153659820557,28,1024,0.03,0.03,0.0,0.0,0.0,0.0,"[0, 20]",0.2635312693689006,0.1426532406330644,0.16475193171054292,0.02887379983283253,0.0,0.0,0.0,0.12,0.0001,False,True,single,linear,True,False,24,64,2,embedding,True,True,False,16,hybrid_localization,H24_D64_embedding_layers2_best_c4,direct_rbf16_plus_full_z_window_context
